{"131775480":{"branch_id":"670ab60d-9195-4fc1-9bc4-7d71fa927a0f","scope":{"type":"project","id":1069269},"user_id":12,"source_asset_id":"131775482","source":false,"tags":[],"name":"NotoSans-Regular.ttf","revision":1,"preload":true,"meta":{"chars":" !\"#$%&'()*+,-./0123456789:;<=>?@ABCDEFGHIJKLMNOPQRSTUVWXYZ[\\]^_`abcdefghijklmnopqrstuvwxyz{|}~"},"data":{"version":2,"intensity":0,"info":{"face":"NotoSans-Regular","maps":[{"width":1024,"height":512}]},"chars":{"32":{"id":32,"letter":" ","x":1,"y":1,"width":64,"height":64,"map":0,"xadvance":8.3125,"xoffset":31.5,"yoffset":31.5,"scale":1,"range":8},"33":{"id":33,"letter":"!","x":67,"y":1,"width":64,"height":64,"map":0,"xadvance":12.265625,"xoffset":25.34375,"yoffset":20.8046875,"scale":1,"range":8,"bounds":[4.671875,-0.453125,8.640625,22.84375]},"34":{"id":34,"letter":"\"","x":133,"y":1,"width":64,"height":64,"map":0,"xadvance":16.0625,"xoffset":23.7421875,"yoffset":12.796875,"scale":1,"range":8,"bounds":[3.671875,15.078125,12.84375,23.328125]},"35":{"id":35,"letter":"#","x":199,"y":1,"width":64,"height":64,"map":0,"xadvance":20.890625,"xoffset":21.5546875,"yoffset":21.8828125,"scale":1,"range":8,"bounds":[1.09375,0,19.796875,20.234375]},"36":{"id":36,"letter":"$","x":265,"y":1,"width":64,"height":64,"map":0,"xadvance":18.296875,"xoffset":22.8828125,"yoffset":20.7890625,"scale":1,"range":8,"bounds":[1.984375,-1.859375,16.25,24.28125]},"37":{"id":37,"letter":"%","x":331,"y":1,"width":64,"height":64,"map":0,"xadvance":26.484375,"xoffset":18.7578125,"yoffset":22.046875,"scale":1,"range":8,"bounds":[1.828125,-0.3125,24.65625,20.21875]},"38":{"id":38,"letter":"&","x":397,"y":1,"width":64,"height":64,"map":0,"xadvance":23.421875,"xoffset":19.46875,"yoffset":20.5546875,"scale":1,"range":8,"bounds":[1.703125,-0.3125,23.359375,23.203125]},"39":{"id":39,"letter":"'","x":463,"y":1,"width":64,"height":64,"map":0,"xadvance":10.4375,"xoffset":26.5546875,"yoffset":12.796875,"scale":1,"range":8,"bounds":[3.671875,15.078125,7.21875,23.328125]},"40":{"id":40,"letter":"(","x":529,"y":1,"width":64,"height":64,"map":0,"xadvance":11.3125,"xoffset":26.1875,"yoffset":21.3359375,"scale":1,"range":8,"bounds":[2.1875,-5.28125,9.4375,26.609375]},"41":{"id":41,"letter":")","x":595,"y":1,"width":64,"height":64,"map":0,"xadvance":11.3125,"xoffset":26.5,"yoffset":21.3359375,"scale":1,"range":8,"bounds":[1.875,-5.28125,9.125,26.609375]},"42":{"id":42,"letter":"*","x":661,"y":1,"width":64,"height":64,"map":0,"xadvance":19.421875,"xoffset":22.140625,"yoffset":15.3984375,"scale":1,"range":8,"bounds":[2.34375,9.375,17.375,23.828125]},"43":{"id":43,"letter":"+","x":727,"y":1,"width":64,"height":64,"map":0,"xadvance":17.625,"xoffset":23.1875,"yoffset":21.671875,"scale":1,"range":8,"bounds":[1.59375,3.109375,16.03125,17.546875]},"44":{"id":44,"letter":",","x":793,"y":1,"width":64,"height":64,"map":0,"xadvance":8,"xoffset":28.5625,"yoffset":32.203125,"scale":1,"range":8,"bounds":[0.984375,-4.125,5.890625,3.71875]},"45":{"id":45,"letter":"-","x":859,"y":1,"width":64,"height":64,"map":0,"xadvance":10.875,"xoffset":26.5625,"yoffset":22.5,"scale":1,"range":8,"bounds":[1.5625,8.1875,9.3125,10.8125]},"46":{"id":46,"letter":".","x":925,"y":1,"width":64,"height":64,"map":0,"xadvance":8.578125,"xoffset":27.71875,"yoffset":30.2734375,"scale":1,"range":8,"bounds":[2.296875,-0.453125,6.265625,3.90625]},"47":{"id":47,"letter":"/","x":1,"y":67,"width":64,"height":64,"map":0,"xadvance":13.734375,"xoffset":25.1328125,"yoffset":21.328125,"scale":1,"range":8,"bounds":[1.34375,-5.296875,12.390625,26.640625]},"48":{"id":48,"letter":"0","x":67,"y":67,"width":64,"height":64,"map":0,"xadvance":17.625,"xoffset":23.171875,"yoffset":20.5546875,"scale":1,"range":8,"bounds":[1.53125,-0.3125,16.125,23.203125]},"49":{"id":49,"letter":"1","x":133,"y":67,"width":64,"height":64,"map":0,"xadvance":17.625,"xoffset":25.0546875,"yoffset":20.578125,"scale":1,"range":8,"bounds":[2.78125,0,11.109375,22.84375]},"50":{"id":50,"letter":"2","x":199,"y":67,"width":64,"height":64,"map":0,"xadvance":17.625,"xoffset":23.375,"yoffset":20.4140625,"scale":1,"range":8,"bounds":[1.5,0,15.75,23.171875]},"51":{"id":51,"letter":"3","x":265,"y":67,"width":64,"height":64,"map":0,"xadvance":17.625,"xoffset":23.5,"yoffset":20.5703125,"scale":1,"range":8,"bounds":[1.28125,-0.3125,15.71875,23.171875]},"52":{"id":52,"letter":"4","x":331,"y":67,"width":64,"height":64,"map":0,"xadvance":17.625,"xoffset":23.328125,"yoffset":20.515625,"scale":1,"range":8,"bounds":[0.359375,0,16.984375,22.96875]},"53":{"id":53,"letter":"5","x":397,"y":67,"width":64,"height":64,"map":0,"xadvance":17.625,"xoffset":23.0546875,"yoffset":20.734375,"scale":1,"range":8,"bounds":[2.046875,-0.3125,15.84375,22.84375]},"54":{"id":54,"letter":"6","x":463,"y":67,"width":64,"height":64,"map":0,"xadvance":17.625,"xoffset":23.0390625,"yoffset":20.5703125,"scale":1,"range":8,"bounds":[1.765625,-0.3125,16.15625,23.171875]},"55":{"id":55,"letter":"7","x":529,"y":67,"width":64,"height":64,"map":0,"xadvance":17.625,"xoffset":23.25,"yoffset":20.578125,"scale":1,"range":8,"bounds":[1.40625,0,16.09375,22.84375]},"56":{"id":56,"letter":"8","x":595,"y":67,"width":64,"height":64,"map":0,"xadvance":17.625,"xoffset":23.171875,"yoffset":20.5546875,"scale":1,"range":8,"bounds":[1.65625,-0.3125,16,23.203125]},"57":{"id":57,"letter":"9","x":661,"y":67,"width":64,"height":64,"map":0,"xadvance":17.625,"xoffset":23.140625,"yoffset":20.5703125,"scale":1,"range":8,"bounds":[1.65625,-0.3125,16.0625,23.171875]},"58":{"id":58,"letter":":","x":727,"y":67,"width":64,"height":64,"map":0,"xadvance":9.421875,"xoffset":27.28125,"yoffset":23.4296875,"scale":1,"range":8,"bounds":[2.734375,-0.453125,6.703125,17.59375]},"59":{"id":59,"letter":";","x":793,"y":67,"width":64,"height":64,"map":0,"xadvance":9.421875,"xoffset":27.9375,"yoffset":25.265625,"scale":1,"range":8,"bounds":[1.421875,-4.125,6.703125,17.59375]},"60":{"id":60,"letter":"<","x":859,"y":67,"width":64,"height":64,"map":0,"xadvance":17.625,"xoffset":23.1875,"yoffset":21.6796875,"scale":1,"range":8,"bounds":[1.59375,2.453125,16.03125,18.1875]},"61":{"id":61,"letter":"=","x":925,"y":67,"width":64,"height":64,"map":0,"xadvance":17.625,"xoffset":23.1875,"yoffset":21.6796875,"scale":1,"range":8,"bounds":[1.59375,5.953125,16.03125,14.6875]},"62":{"id":62,"letter":">","x":1,"y":133,"width":64,"height":64,"map":0,"xadvance":17.625,"xoffset":23.1875,"yoffset":21.6796875,"scale":1,"range":8,"bounds":[1.59375,2.453125,16.03125,18.1875]},"63":{"id":63,"letter":"?","x":67,"y":133,"width":64,"height":64,"map":0,"xadvance":16.5625,"xoffset":23.71875,"yoffset":20.640625,"scale":1,"range":8,"bounds":[2.28125,-0.453125,14.28125,23.171875]},"64":{"id":64,"letter":"@","x":133,"y":133,"width":64,"height":64,"map":0,"xadvance":28.765625,"xoffset":17.6171875,"yoffset":22,"scale":1,"range":8,"bounds":[1.859375,-2.84375,26.90625,22.84375]},"65":{"id":65,"letter":"A","x":199,"y":133,"width":64,"height":64,"map":0,"xadvance":20.453125,"xoffset":21.7890625,"yoffset":20.53125,"scale":1,"range":8,"bounds":[0,0,20.421875,22.9375]},"66":{"id":66,"letter":"B","x":265,"y":133,"width":64,"height":64,"map":0,"xadvance":20.796875,"xoffset":20.90625,"yoffset":20.578125,"scale":1,"range":8,"bounds":[3.109375,0,19.078125,22.84375]},"67":{"id":67,"letter":"C","x":331,"y":133,"width":64,"height":64,"map":0,"xadvance":20.21875,"xoffset":21.40625,"yoffset":20.5703125,"scale":1,"range":8,"bounds":[1.953125,-0.3125,19.234375,23.171875]},"68":{"id":68,"letter":"D","x":397,"y":133,"width":64,"height":64,"map":0,"xadvance":23.359375,"xoffset":19.7421875,"yoffset":20.578125,"scale":1,"range":8,"bounds":[3.109375,0,21.40625,22.84375]},"69":{"id":69,"letter":"E","x":463,"y":133,"width":64,"height":64,"map":0,"xadvance":17.796875,"xoffset":22.5078125,"yoffset":20.578125,"scale":1,"range":8,"bounds":[3.109375,0,15.875,22.84375]},"70":{"id":70,"letter":"F","x":529,"y":133,"width":64,"height":64,"map":0,"xadvance":16.609375,"xoffset":22.5078125,"yoffset":20.578125,"scale":1,"range":8,"bounds":[3.109375,0,15.875,22.84375]},"71":{"id":71,"letter":"G","x":595,"y":133,"width":64,"height":64,"map":0,"xadvance":23.296875,"xoffset":20.5625,"yoffset":20.5703125,"scale":1,"range":8,"bounds":[1.953125,-0.3125,20.921875,23.171875]},"72":{"id":72,"letter":"H","x":661,"y":133,"width":64,"height":64,"map":0,"xadvance":23.71875,"xoffset":20.15625,"yoffset":20.578125,"scale":1,"range":8,"bounds":[3.109375,0,20.578125,22.84375]},"73":{"id":73,"letter":"I","x":727,"y":133,"width":64,"height":64,"map":0,"xadvance":10.84375,"xoffset":26.59375,"yoffset":20.578125,"scale":1,"range":8,"bounds":[1.28125,0,9.53125,22.84375]},"74":{"id":74,"letter":"J","x":793,"y":133,"width":64,"height":64,"map":0,"xadvance":8.734375,"xoffset":30.3359375,"yoffset":23.6171875,"scale":1,"range":8,"bounds":[-2.5,-6.078125,5.828125,22.84375]},"75":{"id":75,"letter":"K","x":859,"y":133,"width":64,"height":64,"map":0,"xadvance":19.8125,"xoffset":20.5390625,"yoffset":20.578125,"scale":1,"range":8,"bounds":[3.109375,0,19.8125,22.84375]},"76":{"id":76,"letter":"L","x":925,"y":133,"width":64,"height":64,"map":0,"xadvance":16.765625,"xoffset":22.4609375,"yoffset":20.578125,"scale":1,"range":8,"bounds":[3.109375,0,15.96875,22.84375]},"77":{"id":77,"letter":"M","x":1,"y":199,"width":64,"height":64,"map":0,"xadvance":29.03125,"xoffset":17.484375,"yoffset":20.578125,"scale":1,"range":8,"bounds":[3.109375,0,25.921875,22.84375]},"78":{"id":78,"letter":"N","x":67,"y":199,"width":64,"height":64,"map":0,"xadvance":24.3125,"xoffset":19.8359375,"yoffset":20.578125,"scale":1,"range":8,"bounds":[3.109375,0,21.21875,22.84375]},"79":{"id":79,"letter":"O","x":133,"y":199,"width":64,"height":64,"map":0,"xadvance":24.984375,"xoffset":19.5,"yoffset":20.5546875,"scale":1,"range":8,"bounds":[1.953125,-0.3125,23.046875,23.203125]},"80":{"id":80,"letter":"P","x":199,"y":199,"width":64,"height":64,"map":0,"xadvance":19.359375,"xoffset":21.578125,"yoffset":20.578125,"scale":1,"range":8,"bounds":[3.109375,0,17.734375,22.84375]},"81":{"id":81,"letter":"Q","x":265,"y":199,"width":64,"height":64,"map":0,"xadvance":24.984375,"xoffset":19.5,"yoffset":23.1171875,"scale":1,"range":8,"bounds":[1.953125,-5.4375,23.046875,23.203125]},"82":{"id":82,"letter":"R","x":331,"y":199,"width":64,"height":64,"map":0,"xadvance":19.90625,"xoffset":20.734375,"yoffset":20.578125,"scale":1,"range":8,"bounds":[3.109375,0,19.421875,22.84375]},"83":{"id":83,"letter":"S","x":397,"y":199,"width":64,"height":64,"map":0,"xadvance":17.5625,"xoffset":23.15625,"yoffset":20.5703125,"scale":1,"range":8,"bounds":[1.625,-0.3125,16.0625,23.171875]},"84":{"id":84,"letter":"T","x":463,"y":199,"width":64,"height":64,"map":0,"xadvance":17.796875,"xoffset":23.125,"yoffset":20.578125,"scale":1,"range":8,"bounds":[0.3125,0,17.4375,22.84375]},"85":{"id":85,"letter":"U","x":529,"y":199,"width":64,"height":64,"map":0,"xadvance":23.390625,"xoffset":20.3203125,"yoffset":20.734375,"scale":1,"range":8,"bounds":[2.875,-0.3125,20.484375,22.84375]},"86":{"id":86,"letter":"V","x":595,"y":199,"width":64,"height":64,"map":0,"xadvance":19.203125,"xoffset":22.3984375,"yoffset":20.578125,"scale":1,"range":8,"bounds":[0,0,19.203125,22.84375]},"87":{"id":87,"letter":"W","x":661,"y":199,"width":64,"height":64,"map":0,"xadvance":29.765625,"xoffset":17.1328125,"yoffset":20.578125,"scale":1,"range":8,"bounds":[0.390625,0,29.34375,22.84375]},"88":{"id":88,"letter":"X","x":727,"y":199,"width":64,"height":64,"map":0,"xadvance":18.75,"xoffset":22.625,"yoffset":20.578125,"scale":1,"range":8,"bounds":[0.125,0,18.625,22.84375]},"89":{"id":89,"letter":"Y","x":793,"y":199,"width":64,"height":64,"map":0,"xadvance":18.109375,"xoffset":22.9453125,"yoffset":20.578125,"scale":1,"range":8,"bounds":[0,0,18.109375,22.84375]},"90":{"id":90,"letter":"Z","x":859,"y":199,"width":64,"height":64,"map":0,"xadvance":18.296875,"xoffset":22.859375,"yoffset":20.578125,"scale":1,"range":8,"bounds":[1.21875,0,17.0625,22.84375]},"91":{"id":91,"letter":"[","x":925,"y":199,"width":64,"height":64,"map":0,"xadvance":11.390625,"xoffset":25.4453125,"yoffset":21.3359375,"scale":1,"range":8,"bounds":[3.453125,-5.296875,9.65625,26.625]},"92":{"id":92,"letter":"\\","x":1,"y":265,"width":64,"height":64,"map":0,"xadvance":13.734375,"xoffset":25.1328125,"yoffset":21.34375,"scale":1,"range":8,"bounds":[1.34375,-5.296875,12.390625,26.609375]},"93":{"id":93,"letter":"]","x":67,"y":265,"width":64,"height":64,"map":0,"xadvance":11.390625,"xoffset":27.171875,"yoffset":21.34375,"scale":1,"range":8,"bounds":[1.71875,-5.296875,7.9375,26.609375]},"94":{"id":94,"letter":"^","x":133,"y":265,"width":64,"height":64,"map":0,"xadvance":17.625,"xoffset":23.1875,"yoffset":16.203125,"scale":1,"range":8,"bounds":[0.9375,8.578125,16.6875,23.015625]},"95":{"id":95,"letter":"_","x":199,"y":265,"width":64,"height":64,"map":0,"xadvance":13.15625,"xoffset":25.421875,"yoffset":35.96875,"scale":1,"range":8,"bounds":[-0.0625,-5.0625,13.21875,-2.875]},"96":{"id":96,"letter":"`","x":265,"y":265,"width":64,"height":64,"map":0,"xadvance":18.5625,"xoffset":22.734375,"yoffset":10.046875,"scale":1,"range":8,"bounds":[6.046875,19.390625,12.484375,24.515625]},"97":{"id":97,"letter":"a","x":331,"y":265,"width":64,"height":64,"map":0,"xadvance":17.953125,"xoffset":23.5859375,"yoffset":23.4375,"scale":1,"range":8,"bounds":[1.46875,-0.3125,15.359375,17.4375]},"98":{"id":98,"letter":"b","x":397,"y":265,"width":64,"height":64,"map":0,"xadvance":19.6875,"xoffset":21.6796875,"yoffset":20,"scale":1,"range":8,"bounds":[2.71875,-0.3125,17.921875,24.3125]},"99":{"id":99,"letter":"c","x":463,"y":265,"width":64,"height":64,"map":0,"xadvance":15.359375,"xoffset":23.96875,"yoffset":23.421875,"scale":1,"range":8,"bounds":[1.765625,-0.3125,14.296875,17.46875]},"100":{"id":100,"letter":"d","x":529,"y":265,"width":64,"height":64,"map":0,"xadvance":19.6875,"xoffset":22.640625,"yoffset":20,"scale":1,"range":8,"bounds":[1.765625,-0.3125,16.953125,24.3125]},"101":{"id":101,"letter":"e","x":595,"y":265,"width":64,"height":64,"map":0,"xadvance":18.046875,"xoffset":22.90625,"yoffset":23.421875,"scale":1,"range":8,"bounds":[1.765625,-0.3125,16.421875,17.46875]},"102":{"id":102,"letter":"f","x":661,"y":265,"width":64,"height":64,"map":0,"xadvance":11.015625,"xoffset":25.5625,"yoffset":19.7578125,"scale":1,"range":8,"bounds":[0.484375,0,12.390625,24.484375]},"103":{"id":103,"letter":"g","x":727,"y":265,"width":64,"height":64,"map":0,"xadvance":19.6875,"xoffset":22.640625,"yoffset":27.109375,"scale":1,"range":8,"bounds":[1.765625,-7.6875,16.953125,17.46875]},"104":{"id":104,"letter":"h","x":793,"y":265,"width":64,"height":64,"map":0,"xadvance":19.78125,"xoffset":22.046875,"yoffset":19.84375,"scale":1,"range":8,"bounds":[2.71875,0,17.1875,24.3125]},"105":{"id":105,"letter":"i","x":859,"y":265,"width":64,"height":64,"map":0,"xadvance":8.25,"xoffset":27.8515625,"yoffset":20.2109375,"scale":1,"range":8,"bounds":[2.5,0,5.796875,23.578125]},"106":{"id":106,"letter":"j","x":925,"y":265,"width":64,"height":64,"map":0,"xadvance":8.25,"xoffset":29.984375,"yoffset":24.0546875,"scale":1,"range":8,"bounds":[-1.765625,-7.6875,5.796875,23.578125]},"107":{"id":107,"letter":"k","x":1,"y":331,"width":64,"height":64,"map":0,"xadvance":17.09375,"xoffset":22.2421875,"yoffset":19.84375,"scale":1,"range":8,"bounds":[2.71875,0,16.796875,24.3125]},"108":{"id":108,"letter":"l","x":67,"y":331,"width":64,"height":64,"map":0,"xadvance":8.25,"xoffset":27.875,"yoffset":19.84375,"scale":1,"range":8,"bounds":[2.71875,0,5.53125,24.3125]},"109":{"id":109,"letter":"m","x":133,"y":331,"width":64,"height":64,"map":0,"xadvance":29.921875,"xoffset":16.9765625,"yoffset":23.265625,"scale":1,"range":8,"bounds":[2.71875,0,27.328125,17.46875]},"110":{"id":110,"letter":"n","x":199,"y":331,"width":64,"height":64,"map":0,"xadvance":19.78125,"xoffset":22.046875,"yoffset":23.265625,"scale":1,"range":8,"bounds":[2.71875,0,17.1875,17.46875]},"111":{"id":111,"letter":"o","x":265,"y":331,"width":64,"height":64,"map":0,"xadvance":19.359375,"xoffset":22.3046875,"yoffset":23.421875,"scale":1,"range":8,"bounds":[1.765625,-0.3125,17.625,17.46875]},"112":{"id":112,"letter":"p","x":331,"y":331,"width":64,"height":64,"map":0,"xadvance":19.6875,"xoffset":21.6796875,"yoffset":27.109375,"scale":1,"range":8,"bounds":[2.71875,-7.6875,17.921875,17.46875]},"113":{"id":113,"letter":"q","x":397,"y":331,"width":64,"height":64,"map":0,"xadvance":19.6875,"xoffset":22.640625,"yoffset":27.109375,"scale":1,"range":8,"bounds":[1.765625,-7.6875,16.953125,17.46875]},"114":{"id":114,"letter":"r","x":463,"y":331,"width":64,"height":64,"map":0,"xadvance":13.21875,"xoffset":24.2734375,"yoffset":23.265625,"scale":1,"range":8,"bounds":[2.71875,0,12.734375,17.46875]},"115":{"id":115,"letter":"s","x":529,"y":331,"width":64,"height":64,"map":0,"xadvance":15.328125,"xoffset":24.2421875,"yoffset":23.421875,"scale":1,"range":8,"bounds":[1.625,-0.3125,13.890625,17.46875]},"116":{"id":116,"letter":"t","x":595,"y":331,"width":64,"height":64,"map":0,"xadvance":11.546875,"xoffset":26.3203125,"yoffset":21.609375,"scale":1,"range":8,"bounds":[0.515625,-0.3125,10.84375,21.09375]},"117":{"id":117,"letter":"u","x":661,"y":331,"width":64,"height":64,"map":0,"xadvance":19.78125,"xoffset":22.203125,"yoffset":23.578125,"scale":1,"range":8,"bounds":[2.53125,-0.3125,17.0625,17.15625]},"118":{"id":118,"letter":"v","x":727,"y":331,"width":64,"height":64,"map":0,"xadvance":16.25,"xoffset":23.875,"yoffset":23.421875,"scale":1,"range":8,"bounds":[0,0,16.25,17.15625]},"119":{"id":119,"letter":"w","x":793,"y":331,"width":64,"height":64,"map":0,"xadvance":25.15625,"xoffset":19.421875,"yoffset":23.421875,"scale":1,"range":8,"bounds":[0.359375,0,24.796875,17.15625]},"120":{"id":120,"letter":"x","x":859,"y":331,"width":64,"height":64,"map":0,"xadvance":16.921875,"xoffset":23.53125,"yoffset":23.421875,"scale":1,"range":8,"bounds":[0.578125,0,16.359375,17.15625]},"121":{"id":121,"letter":"y","x":925,"y":331,"width":64,"height":64,"map":0,"xadvance":16.3125,"xoffset":23.828125,"yoffset":27.265625,"scale":1,"range":8,"bounds":[0.03125,-7.6875,16.3125,17.15625]},"122":{"id":122,"letter":"z","x":1,"y":397,"width":64,"height":64,"map":0,"xadvance":15.046875,"xoffset":24.4765625,"yoffset":23.421875,"scale":1,"range":8,"bounds":[1.25,0,13.796875,17.15625]},"123":{"id":123,"letter":"{","x":67,"y":397,"width":64,"height":64,"map":0,"xadvance":12.5,"xoffset":25.8984375,"yoffset":21.34375,"scale":1,"range":8,"bounds":[1.40625,-5.296875,10.796875,26.609375]},"124":{"id":124,"letter":"|","x":133,"y":397,"width":64,"height":64,"map":0,"xadvance":17.265625,"xoffset":23.3671875,"yoffset":21.34375,"scale":1,"range":8,"bounds":[7.484375,-5.296875,9.78125,26.609375]},"125":{"id":125,"letter":"}","x":199,"y":397,"width":64,"height":64,"map":0,"xadvance":12.03125,"xoffset":25.5859375,"yoffset":21.34375,"scale":1,"range":8,"bounds":[1.71875,-5.296875,11.109375,26.609375]},"126":{"id":126,"letter":"~","x":265,"y":397,"width":64,"height":64,"map":0,"xadvance":17.625,"xoffset":23.1875,"yoffset":21.671875,"scale":1,"range":8,"bounds":[1.59375,8.203125,16.03125,12.453125]}},"kerning":{"65":{"67":-0.3125,"71":-0.3125,"74":2.03125,"79":-0.3125,"81":-0.3125,"84":-1.09375,"86":-0.625,"87":-0.625,"89":-0.9375},"66":{"65":-0.3125,"84":-0.46875,"86":-0.15625,"87":-0.15625,"88":-0.3125,"89":-0.15625,"90":-0.15625},"67":{"71":-0.3125,"79":-0.3125,"81":-0.3125},"68":{"65":-0.3125,"84":-0.46875,"86":-0.15625,"87":-0.15625,"88":-0.3125,"89":-0.15625,"90":-0.15625},"69":{"74":0.9375},"70":{"65":-0.3125},"75":{"67":-0.3125,"71":-0.3125,"79":-0.3125,"81":-0.3125},"76":{"67":-0.3125,"71":-0.3125,"79":-0.3125,"81":-0.3125,"84":-0.3125,"85":-0.15625,"86":-0.3125,"87":-0.3125,"89":-0.46875},"79":{"65":-0.3125,"84":-0.46875,"86":-0.15625,"87":-0.15625,"88":-0.3125,"89":-0.15625,"90":-0.15625},"80":{"65":-0.78125,"88":-0.3125,"90":-0.15625},"81":{"65":-0.3125,"84":-0.46875,"86":-0.15625,"87":-0.15625,"88":-0.3125,"89":-0.15625,"90":-0.15625},"84":{"65":-1.09375,"67":-0.3125,"71":-0.3125,"79":-0.3125,"81":-0.3125,"97":-1.25,"99":-1.09375,"100":-1.09375,"101":-1.09375,"103":-1.09375,"109":-0.78125,"110":-0.78125,"111":-1.09375,"112":-0.78125,"113":-1.09375,"114":-0.78125,"115":-0.9375,"117":-0.78125,"118":-0.3125,"119":-0.3125,"120":-0.3125,"121":-0.3125,"122":-0.625},"85":{"65":-0.15625},"86":{"65":-0.625,"67":-0.15625,"71":-0.15625,"79":-0.15625,"81":-0.15625,"97":-0.3125,"99":-0.3125,"100":-0.3125,"101":-0.3125,"103":-0.15625,"109":-0.15625,"110":-0.15625,"111":-0.3125,"112":-0.15625,"113":-0.3125,"114":-0.15625,"115":-0.15625,"117":-0.15625},"87":{"65":-0.625,"67":-0.15625,"71":-0.15625,"79":-0.15625,"81":-0.15625,"97":-0.3125,"99":-0.3125,"100":-0.3125,"101":-0.3125,"103":-0.15625,"109":-0.15625,"110":-0.15625,"111":-0.3125,"112":-0.15625,"113":-0.3125,"114":-0.15625,"115":-0.15625,"117":-0.15625},"88":{"67":-0.3125,"71":-0.3125,"79":-0.3125,"81":-0.3125},"89":{"65":-0.9375,"67":-0.3125,"71":-0.3125,"79":-0.3125,"81":-0.3125,"97":-0.78125,"99":-0.78125,"100":-0.78125,"101":-0.78125,"103":-0.3125,"109":-0.46875,"110":-0.46875,"111":-0.78125,"112":-0.46875,"113":-0.78125,"114":-0.46875,"115":-0.625,"117":-0.46875,"122":-0.3125},"90":{"67":-0.15625,"71":-0.15625,"79":-0.15625,"81":-0.15625},"98":{"118":-0.3125,"119":-0.3125,"120":-0.3125,"121":-0.3125,"122":-0.15625},"101":{"118":-0.3125,"119":-0.3125,"120":-0.3125,"121":-0.3125,"122":-0.15625},"107":{"99":-0.3125,"100":-0.3125,"101":-0.3125,"111":-0.3125,"113":-0.3125},"111":{"118":-0.3125,"119":-0.3125,"120":-0.3125,"121":-0.3125,"122":-0.15625},"112":{"118":-0.3125,"119":-0.3125,"120":-0.3125,"121":-0.3125,"122":-0.15625},"114":{"97":-0.3125,"99":-0.3125,"100":-0.3125,"101":-0.3125,"103":-0.15625,"111":-0.3125,"113":-0.3125},"120":{"99":-0.3125,"100":-0.3125,"101":-0.3125,"111":-0.3125,"113":-0.3125}}},"type":"font","file":{"filename":"NotoSans-Regular.png","hash":"776c42e4ac592154627d4bdc8c8b8dd6","size":107587},"path":[],"task":null,"i18n":{},"_type":"http://sharejs.org/types/JSONv0","_v":1,"_m":{"ctime":1682816724977,"mtime":1682816724977},"_o":"6135f015b57a2466d57313d9","immutable_backup":"c90af021-c522-4941-aca7-b6cee5e95700","same_as_backup":1,"checkpoint_id":"4e7b7e32-e501-493f-ba36-48d0aac46fc6","id":"131775480"},"131775481":{"branch_id":"670ab60d-9195-4fc1-9bc4-7d71fa927a0f","scope":{"type":"project","id":1069269},"user_id":12,"source_asset_id":null,"source":false,"tags":[],"name":"mobile-safe-area.js","revision":1,"preload":true,"meta":null,"data":{"scripts":{"mobileSafeArea":{"attributesOrder":["debugConfig"],"attributes":{"debugConfig":{"type":"json","name":"Debug Config","description":"Force safe areas to be applied to the UI. Useful testing layouts without a device.","schema":[{"name":"enabled","type":"boolean","default":false},{"name":"top","type":"number","default":0},{"name":"bottom","type":"number","default":0},{"name":"left","type":"number","default":0},{"name":"right","type":"number","default":0}]}}}},"loading":false,"loadingType":0},"type":"script","file":{"filename":"mobile-safe-area.js","size":3792,"hash":"1ec08c248f1b053eba82b9bd7c519b0a"},"path":[],"task":null,"i18n":{},"immutable_backup":"9fae70af-8840-4610-9bc5-d9a8fd7897ad","same_as_backup":1,"checkpoint_id":"4e7b7e32-e501-493f-ba36-48d0aac46fc6","_type":"http://sharejs.org/types/JSONv0","_v":1,"_m":{"ctime":1682816724977,"mtime":1682816724977},"_o":"6440fdffb042f95256a83fc0","id":"131775481"},"131775482":{"branch_id":"670ab60d-9195-4fc1-9bc4-7d71fa927a0f","scope":{"type":"project","id":1069269},"user_id":12,"source_asset_id":null,"source":true,"tags":[],"name":"NotoSans-Regular.ttf","revision":1,"preload":false,"meta":null,"data":null,"type":"font","file":{"filename":"NotoSans-Regular.ttf","size":398968,"hash":"5a87cce84010f7cea085ae218d44a64b"},"path":[],"task":null,"i18n":{},"_type":"http://sharejs.org/types/JSONv0","_v":1,"_m":{"ctime":1682816724977,"mtime":1682816724977},"_o":"6135f01223305efdfb8bff86","immutable_backup":"516b0fa0-feb1-4f73-b5d6-69f380fd7ead","same_as_backup":1,"checkpoint_id":"4e7b7e32-e501-493f-ba36-48d0aac46fc6","id":"131775482"}}