{"1732796":{"branch_id":"670ab60d-9195-4fc1-9bc4-7d71fa927a0f","project_id":1069269,"name":"Untitled","created":"2021-09-06T10:38:58.207Z","settings":{"physics":{"gravity":[0,-9.8,0]},"render":{"fog_end":1000,"tonemapping":0,"skybox":null,"fog_density":0.01,"gamma_correction":1,"exposure":1,"fog_start":1,"global_ambient":[0.2,0.2,0.2],"skyboxIntensity":1,"fog_color":[0,0,0],"lightmapMode":1,"fog":"none","lightmapMaxResolution":2048,"skyboxMip":0,"lightmapSizeMultiplier":16,"skyboxRotation":[0,0,0],"lightmapFilterEnabled":false,"lightmapFilterRange":10,"lightmapFilterSmoothness":0.2,"ambientBake":false,"ambientBakeNumSamples":1,"ambientBakeSpherePart":0.4,"ambientBakeOcclusionBrightness":0,"ambientBakeOcclusionContrast":0,"clusteredLightingEnabled":true,"lightingCells":[10,3,10],"lightingMaxLightsPerCell":255,"lightingCookieAtlasResolution":2048,"lightingShadowAtlasResolution":2048,"lightingShadowType":0,"lightingCookiesEnabled":false,"lightingAreaLightsEnabled":false,"lightingShadowsEnabled":true}},"scene":1732796,"entities":{"a4448dd5-0efe-11ec-9b62-026349a27a7c":{"position":[0,0,0],"scale":[1,1,1],"name":"Root","parent":null,"resource_id":"a4448dd5-0efe-11ec-9b62-026349a27a7c","components":{},"rotation":[0,0,0],"tags":[],"enabled":true,"children":["4690e48a-fd06-4de8-aea7-f154d7865e2b"]},"4690e48a-fd06-4de8-aea7-f154d7865e2b":{"name":"2D Screen","tags":[],"enabled":true,"resource_id":"4690e48a-fd06-4de8-aea7-f154d7865e2b","parent":"a4448dd5-0efe-11ec-9b62-026349a27a7c","children":["b1fd7fbb-1120-4371-9676-3bd45b7f18bf","a3a41eaf-77bc-41cc-96e6-55a6f7a863ef"],"position":[0,0,0],"rotation":[0,0,0],"scale":[1,1,1],"components":{"screen":{"enabled":true,"screenSpace":true,"scaleMode":"blend","scaleBlend":0.5,"resolution":[1280,720],"referenceResolution":[1280,720]}}},"b1fd7fbb-1120-4371-9676-3bd45b7f18bf":{"name":"Safe Area","tags":[],"enabled":true,"resource_id":"b1fd7fbb-1120-4371-9676-3bd45b7f18bf","parent":"4690e48a-fd06-4de8-aea7-f154d7865e2b","children":["1c303a3c-ff26-4748-8d3a-2b7507b3b3ec","e1d80e28-ffde-48c7-b9ae-cfa3bc3a0996","287388f1-f7a2-45e4-a5e2-988ece809197","b4c35dc4-8724-4ceb-b45b-b19c2820d014","22209b09-b905-4b86-b8e9-90cc82d03b59"],"position":[640,360,0],"rotation":[0,0,0],"scale":[1,1,1],"components":{"element":{"enabled":true,"type":"group","anchor":[0,0,1,1],"pivot":[0.5,0.5],"text":"","key":null,"fontAsset":null,"fontSize":32,"minFontSize":8,"maxFontSize":32,"autoFitWidth":false,"autoFitHeight":false,"maxLines":null,"lineHeight":32,"wrapLines":true,"spacing":1,"color":[1,1,1],"opacity":1,"textureAsset":null,"spriteAsset":null,"spriteFrame":0,"pixelsPerUnit":null,"width":1280,"height":720,"margin":[0,0,0,0],"alignment":[0.5,0.5],"outlineColor":[0,0,0,1],"outlineThickness":0,"shadowColor":[0,0,0,1],"shadowOffset":[0,0],"rect":[0,0,1,1],"materialAsset":null,"autoWidth":false,"autoHeight":false,"useInput":false,"batchGroupId":null,"mask":false,"layers":[4],"enableMarkup":false},"script":{"enabled":true,"order":["mobileSafeArea"],"scripts":{"mobileSafeArea":{"enabled":true,"attributes":{"debugConfig":{"enabled":false,"top":0,"bottom":10,"left":44,"right":44}}}}}}},"e1d80e28-ffde-48c7-b9ae-cfa3bc3a0996":{"name":"Top Text","tags":[],"enabled":true,"resource_id":"e1d80e28-ffde-48c7-b9ae-cfa3bc3a0996","parent":"b1fd7fbb-1120-4371-9676-3bd45b7f18bf","children":[],"position":[0,0,0],"rotation":[0,0,0],"scale":[1,1,1],"components":{"element":{"enabled":true,"type":"text","anchor":[0.5,1,0.5,1],"pivot":[0.5,1],"text":"Top","key":null,"fontAsset":131775480,"fontSize":32,"minFontSize":8,"maxFontSize":32,"autoFitWidth":false,"autoFitHeight":false,"maxLines":null,"lineHeight":32,"wrapLines":true,"spacing":1,"color":[1,1,1],"opacity":1,"textureAsset":null,"spriteAsset":null,"spriteFrame":0,"pixelsPerUnit":null,"width":55.75,"height":34.328,"margin":[-27.875,-34.328,-27.875,0],"alignment":[0.5,0.5],"outlineColor":[0,0,0,1],"outlineThickness":0,"shadowColor":[0,0,0,1],"shadowOffset":[0,0],"rect":[0,0,1,1],"materialAsset":null,"autoWidth":true,"autoHeight":true,"useInput":false,"batchGroupId":null,"mask":false,"layers":[4],"enableMarkup":false}}},"287388f1-f7a2-45e4-a5e2-988ece809197":{"name":"Bottom Text","tags":[],"enabled":true,"resource_id":"287388f1-f7a2-45e4-a5e2-988ece809197","parent":"b1fd7fbb-1120-4371-9676-3bd45b7f18bf","children":[],"position":[0,0,0],"rotation":[0,0,0],"scale":[1,1,1],"components":{"element":{"enabled":true,"type":"text","anchor":[0.5,0,0.5,0],"pivot":[0.5,0],"text":"Bottom","key":null,"fontAsset":131775480,"fontSize":32,"minFontSize":8,"maxFontSize":32,"autoFitWidth":false,"autoFitHeight":false,"maxLines":null,"lineHeight":32,"wrapLines":true,"spacing":1,"color":[1,1,1],"opacity":1,"textureAsset":null,"spriteAsset":null,"spriteFrame":0,"pixelsPerUnit":null,"width":112.531,"height":34.328,"margin":[-56.266,0,-56.266,-34.328],"alignment":[0.5,0.5],"outlineColor":[0,0,0,1],"outlineThickness":0,"shadowColor":[0,0,0,1],"shadowOffset":[0,0],"rect":[0,0,1,1],"materialAsset":null,"autoWidth":true,"autoHeight":true,"useInput":false,"batchGroupId":null,"mask":false,"layers":[4],"enableMarkup":false}}},"b4c35dc4-8724-4ceb-b45b-b19c2820d014":{"name":"Left Text","tags":[],"enabled":true,"resource_id":"b4c35dc4-8724-4ceb-b45b-b19c2820d014","parent":"b1fd7fbb-1120-4371-9676-3bd45b7f18bf","children":[],"position":[0,0,0],"rotation":[0,0,90],"scale":[1,1,1],"components":{"element":{"enabled":true,"type":"text","anchor":[0,0.5,0,0.5],"pivot":[0.5,1],"text":"Left","key":null,"fontAsset":131775480,"fontSize":32,"minFontSize":8,"maxFontSize":32,"autoFitWidth":false,"autoFitHeight":false,"maxLines":null,"lineHeight":32,"wrapLines":true,"spacing":1,"color":[1,1,1],"opacity":1,"textureAsset":null,"spriteAsset":null,"spriteFrame":0,"pixelsPerUnit":null,"width":57.375,"height":34.328,"margin":[-28.688,-34.328,-28.688,0],"alignment":[0.5,0.5],"outlineColor":[0,0,0,1],"outlineThickness":0,"shadowColor":[0,0,0,1],"shadowOffset":[0,0],"rect":[0,0,1,1],"materialAsset":null,"autoWidth":true,"autoHeight":true,"useInput":false,"batchGroupId":null,"mask":false,"layers":[4],"enableMarkup":false}}},"22209b09-b905-4b86-b8e9-90cc82d03b59":{"name":"Right Text","tags":[],"enabled":true,"resource_id":"22209b09-b905-4b86-b8e9-90cc82d03b59","parent":"b1fd7fbb-1120-4371-9676-3bd45b7f18bf","children":[],"position":[0,0,0],"rotation":[0,0,270],"scale":[1,1,1],"components":{"element":{"enabled":true,"type":"text","anchor":[1,0.5,1,0.5],"pivot":[0.5,1],"text":"Right","key":null,"fontAsset":131775480,"fontSize":32,"minFontSize":8,"maxFontSize":32,"autoFitWidth":false,"autoFitHeight":false,"maxLines":null,"lineHeight":32,"wrapLines":true,"spacing":1,"color":[1,1,1],"opacity":1,"textureAsset":null,"spriteAsset":null,"spriteFrame":0,"pixelsPerUnit":null,"width":79.172,"height":34.328,"margin":[-39.586,-34.328,-39.586,0],"alignment":[0.5,0.5],"outlineColor":[0,0,0,1],"outlineThickness":0,"shadowColor":[0,0,0,1],"shadowOffset":[0,0],"rect":[0,0,1,1],"materialAsset":null,"autoWidth":true,"autoHeight":true,"useInput":false,"batchGroupId":null,"mask":false,"layers":[4],"enableMarkup":false}}},"1c303a3c-ff26-4748-8d3a-2b7507b3b3ec":{"name":"Background","tags":[],"enabled":true,"resource_id":"1c303a3c-ff26-4748-8d3a-2b7507b3b3ec","parent":"b1fd7fbb-1120-4371-9676-3bd45b7f18bf","children":[],"position":[640,360,0],"rotation":[0,0,0],"scale":[1,1,1],"components":{"element":{"enabled":true,"type":"image","anchor":[0,0,1,1],"pivot":[0.5,0.5],"text":"","key":null,"fontAsset":131775480,"fontSize":32,"minFontSize":8,"maxFontSize":32,"autoFitWidth":false,"autoFitHeight":false,"maxLines":null,"lineHeight":32,"wrapLines":true,"spacing":1,"color":[0.6078431372549019,0.34901960784313724,0.7137254901960784],"opacity":1,"textureAsset":null,"spriteAsset":null,"spriteFrame":0,"pixelsPerUnit":null,"width":1280,"height":720,"margin":[0,0,0,0],"alignment":[0.5,0.5],"outlineColor":[0,0,0,1],"outlineThickness":0,"shadowColor":[0,0,0,1],"shadowOffset":[0,0],"rect":[0,0,1,1],"materialAsset":null,"autoWidth":false,"autoHeight":false,"useInput":false,"batchGroupId":null,"mask":false,"layers":[4],"enableMarkup":false}}},"a3a41eaf-77bc-41cc-96e6-55a6f7a863ef":{"name":"Camera","tags":[],"enabled":true,"resource_id":"a3a41eaf-77bc-41cc-96e6-55a6f7a863ef","parent":"4690e48a-fd06-4de8-aea7-f154d7865e2b","children":[],"position":[0,0,273.8130693876304],"rotation":[0,0,0],"scale":[1,1,1],"components":{"camera":{"enabled":true,"clearColorBuffer":true,"clearColor":[0.118,0.118,0.118,1],"clearDepthBuffer":true,"renderSceneDepthMap":false,"renderSceneColorMap":false,"projection":1,"fov":45,"frustumCulling":true,"orthoHeight":4,"nearClip":0.1,"farClip":1000,"priority":0,"rect":[0,0,1,1],"layers":[0,1,2,3,4]}}}},"checkpoint_id":"4e7b7e32-e501-493f-ba36-48d0aac46fc6","_type":"http://sharejs.org/types/JSONv0","_v":1,"_m":{"ctime":1630924738207.9429,"mtime":1682816930385},"_o":"644dbfa22a173531b4ddccc9","id":"1732796"},"1732797":{"branch_id":"670ab60d-9195-4fc1-9bc4-7d71fa927a0f","scene":1732797,"project_id":1069269,"name":"Untitled 2","settings":{"physics":{"gravity":[0,-9.8,0]},"render":{"fog_end":1000,"tonemapping":0,"skybox":null,"fog_density":0.01,"gamma_correction":1,"exposure":1,"fog_start":1,"global_ambient":[0.2,0.2,0.2],"skyboxIntensity":1,"fog_color":[0,0,0],"lightmapMode":1,"fog":"none","lightmapMaxResolution":2048,"skyboxMip":0,"lightmapSizeMultiplier":16,"skyboxRotation":[0,0,0],"lightmapFilterEnabled":false,"lightmapFilterRange":10,"lightmapFilterSmoothness":0.2,"ambientBake":false,"ambientBakeNumSamples":1,"ambientBakeSpherePart":0.4,"ambientBakeOcclusionBrightness":0,"ambientBakeOcclusionContrast":0,"clusteredLightingEnabled":true,"lightingCells":[10,3,10],"lightingMaxLightsPerCell":255,"lightingCookieAtlasResolution":2048,"lightingShadowAtlasResolution":2048,"lightingShadowType":0,"lightingCookiesEnabled":false,"lightingAreaLightsEnabled":false,"lightingShadowsEnabled":true}},"entities":{"fe754150-24c8-404c-b3fb-590a7035a17f":{"position":[4,3.5,4],"scale":[1,1,1],"name":"Camera","parent":"dfa7bb27-8e00-4779-8da2-f1eb966d7c08","resource_id":"fe754150-24c8-404c-b3fb-590a7035a17f","components":{"camera":{"projection":0,"farClip":1000,"clearColorBuffer":true,"layers":[0,1,2,3,4],"priority":0,"fov":45,"clearDepthBuffer":true,"frustumCulling":true,"clearColor":[0.5568627450980392,0.26666666666666666,0.6784313725490196,1],"enabled":true,"orthoHeight":4,"nearClip":0.1,"rect":[0,0,1,1]}},"rotation":[-30,45,0],"tags":[],"enabled":true,"children":[]},"dfa7bb27-8e00-4779-8da2-f1eb966d7c08":{"position":[0,0,0],"scale":[1,1,1],"name":"Root","parent":null,"resource_id":"dfa7bb27-8e00-4779-8da2-f1eb966d7c08","components":{},"rotation":[0,0,0],"tags":[],"enabled":true,"children":["fe754150-24c8-404c-b3fb-590a7035a17f","e8d23f05-bb72-457c-b655-2bb1eaa911dc"]},"e8d23f05-bb72-457c-b655-2bb1eaa911dc":{"name":"2D Screen","tags":[],"enabled":true,"resource_id":"e8d23f05-bb72-457c-b655-2bb1eaa911dc","parent":"dfa7bb27-8e00-4779-8da2-f1eb966d7c08","children":["5cd9b0ea-4817-4f49-8698-f483a607a444"],"position":[0,0,0],"rotation":[0,0,0],"scale":[1,1,1],"components":{"screen":{"enabled":true,"screenSpace":true,"scaleMode":"blend","scaleBlend":0.5,"resolution":[1280,720],"referenceResolution":[1280,720]}}},"5cd9b0ea-4817-4f49-8698-f483a607a444":{"name":"Safe Area","tags":[],"enabled":true,"resource_id":"5cd9b0ea-4817-4f49-8698-f483a607a444","parent":"e8d23f05-bb72-457c-b655-2bb1eaa911dc","children":["9d54244e-c9d4-4bb0-9834-385696090141","d749c566-6015-43f7-a417-c1f0d1629210","51ac236e-559b-45e8-b83f-aefea398d93d","e5afbc7a-aa65-4f36-8bff-e375810f9c59","92300f90-071d-49f9-9f70-bb8efe603284"],"position":[640,360,0],"rotation":[0,0,0],"scale":[1,1,1],"components":{"element":{"enabled":true,"type":"group","anchor":[0,0,1,1],"pivot":[0.5,0.5],"text":"","key":null,"fontAsset":null,"fontSize":32,"minFontSize":8,"maxFontSize":32,"autoFitWidth":false,"autoFitHeight":false,"maxLines":null,"lineHeight":32,"wrapLines":true,"spacing":1,"color":[1,1,1],"opacity":1,"textureAsset":null,"spriteAsset":null,"spriteFrame":0,"pixelsPerUnit":null,"width":1280,"height":720,"margin":[0,0,0,0],"alignment":[0.5,0.5],"outlineColor":[0,0,0,1],"outlineThickness":0,"shadowColor":[0,0,0,1],"shadowOffset":[0,0],"rect":[0,0,1,1],"materialAsset":null,"autoWidth":false,"autoHeight":false,"useInput":false,"batchGroupId":null,"mask":false,"layers":[4],"enableMarkup":false},"script":{"enabled":true,"order":["mobileSafeArea"],"scripts":{"mobileSafeArea":{"enabled":true,"attributes":{"debugConfig":{"enabled":false,"top":0,"bottom":10,"left":44,"right":44}}}}}}},"d749c566-6015-43f7-a417-c1f0d1629210":{"name":"Top Text","tags":[],"enabled":true,"resource_id":"d749c566-6015-43f7-a417-c1f0d1629210","parent":"5cd9b0ea-4817-4f49-8698-f483a607a444","children":[],"position":[0,0,0],"rotation":[0,0,0],"scale":[1,1,1],"components":{"element":{"enabled":true,"type":"text","anchor":[0.5,1,0.5,1],"pivot":[0.5,1],"text":"Top","key":null,"fontAsset":131775480,"fontSize":32,"minFontSize":8,"maxFontSize":32,"autoFitWidth":false,"autoFitHeight":false,"maxLines":null,"lineHeight":32,"wrapLines":true,"spacing":1,"color":[1,1,1],"opacity":1,"textureAsset":null,"spriteAsset":null,"spriteFrame":0,"pixelsPerUnit":null,"width":55.75,"height":34.328,"margin":[-27.875,-34.328,-27.875,0],"alignment":[0.5,0.5],"outlineColor":[0,0,0,1],"outlineThickness":0,"shadowColor":[0,0,0,1],"shadowOffset":[0,0],"rect":[0,0,1,1],"materialAsset":null,"autoWidth":true,"autoHeight":true,"useInput":false,"batchGroupId":null,"mask":false,"layers":[4],"enableMarkup":false}}},"51ac236e-559b-45e8-b83f-aefea398d93d":{"name":"Bottom Text","tags":[],"enabled":true,"resource_id":"51ac236e-559b-45e8-b83f-aefea398d93d","parent":"5cd9b0ea-4817-4f49-8698-f483a607a444","children":[],"position":[0,0,0],"rotation":[0,0,0],"scale":[1,1,1],"components":{"element":{"enabled":true,"type":"text","anchor":[0.5,0,0.5,0],"pivot":[0.5,0],"text":"Bottom","key":null,"fontAsset":131775480,"fontSize":32,"minFontSize":8,"maxFontSize":32,"autoFitWidth":false,"autoFitHeight":false,"maxLines":null,"lineHeight":32,"wrapLines":true,"spacing":1,"color":[1,1,1],"opacity":1,"textureAsset":null,"spriteAsset":null,"spriteFrame":0,"pixelsPerUnit":null,"width":112.531,"height":34.328,"margin":[-56.266,0,-56.266,-34.328],"alignment":[0.5,0.5],"outlineColor":[0,0,0,1],"outlineThickness":0,"shadowColor":[0,0,0,1],"shadowOffset":[0,0],"rect":[0,0,1,1],"materialAsset":null,"autoWidth":true,"autoHeight":true,"useInput":false,"batchGroupId":null,"mask":false,"layers":[4],"enableMarkup":false}}},"e5afbc7a-aa65-4f36-8bff-e375810f9c59":{"name":"Left Text","tags":[],"enabled":true,"resource_id":"e5afbc7a-aa65-4f36-8bff-e375810f9c59","parent":"5cd9b0ea-4817-4f49-8698-f483a607a444","children":[],"position":[0,0,0],"rotation":[0,0,90],"scale":[1,1,1],"components":{"element":{"enabled":true,"type":"text","anchor":[0,0.5,0,0.5],"pivot":[0.5,1],"text":"Left","key":null,"fontAsset":131775480,"fontSize":32,"minFontSize":8,"maxFontSize":32,"autoFitWidth":false,"autoFitHeight":false,"maxLines":null,"lineHeight":32,"wrapLines":true,"spacing":1,"color":[1,1,1],"opacity":1,"textureAsset":null,"spriteAsset":null,"spriteFrame":0,"pixelsPerUnit":null,"width":57.375,"height":34.328,"margin":[-28.688,-34.328,-28.688,0],"alignment":[0.5,0.5],"outlineColor":[0,0,0,1],"outlineThickness":0,"shadowColor":[0,0,0,1],"shadowOffset":[0,0],"rect":[0,0,1,1],"materialAsset":null,"autoWidth":true,"autoHeight":true,"useInput":false,"batchGroupId":null,"mask":false,"layers":[4],"enableMarkup":false}}},"92300f90-071d-49f9-9f70-bb8efe603284":{"name":"Right Text","tags":[],"enabled":true,"resource_id":"92300f90-071d-49f9-9f70-bb8efe603284","parent":"5cd9b0ea-4817-4f49-8698-f483a607a444","children":[],"position":[0,0,0],"rotation":[0,0,270],"scale":[1,1,1],"components":{"element":{"enabled":true,"type":"text","anchor":[1,0.5,1,0.5],"pivot":[0.5,1],"text":"Right","key":null,"fontAsset":131775480,"fontSize":32,"minFontSize":8,"maxFontSize":32,"autoFitWidth":false,"autoFitHeight":false,"maxLines":null,"lineHeight":32,"wrapLines":true,"spacing":1,"color":[1,1,1],"opacity":1,"textureAsset":null,"spriteAsset":null,"spriteFrame":0,"pixelsPerUnit":null,"width":79.172,"height":34.328,"margin":[-39.586,-34.328,-39.586,0],"alignment":[0.5,0.5],"outlineColor":[0,0,0,1],"outlineThickness":0,"shadowColor":[0,0,0,1],"shadowOffset":[0,0],"rect":[0,0,1,1],"materialAsset":null,"autoWidth":true,"autoHeight":true,"useInput":false,"batchGroupId":null,"mask":false,"layers":[4],"enableMarkup":false}}},"9d54244e-c9d4-4bb0-9834-385696090141":{"name":"Background","tags":[],"enabled":true,"resource_id":"9d54244e-c9d4-4bb0-9834-385696090141","parent":"5cd9b0ea-4817-4f49-8698-f483a607a444","children":[],"position":[640,360,0],"rotation":[0,0,0],"scale":[1,1,1],"components":{"element":{"enabled":true,"type":"image","anchor":[0,0,1,1],"pivot":[0.5,0.5],"text":"","key":null,"fontAsset":131775480,"fontSize":32,"minFontSize":8,"maxFontSize":32,"autoFitWidth":false,"autoFitHeight":false,"maxLines":null,"lineHeight":32,"wrapLines":true,"spacing":1,"color":[0.6078431372549019,0.34901960784313724,0.7137254901960784],"opacity":1,"textureAsset":null,"spriteAsset":null,"spriteFrame":0,"pixelsPerUnit":null,"width":1280,"height":720,"margin":[0,0,0,0],"alignment":[0.5,0.5],"outlineColor":[0,0,0,1],"outlineThickness":0,"shadowColor":[0,0,0,1],"shadowOffset":[0,0],"rect":[0,0,1,1],"materialAsset":null,"autoWidth":false,"autoHeight":false,"useInput":false,"batchGroupId":null,"mask":false,"layers":[4],"enableMarkup":false}}}},"created":"2023-04-30T01:06:14.293Z","_m":{"ctime":1682816774293,"mtime":1682816774293},"_v":1,"_type":"http://sharejs.org/types/JSONv0","checkpoint_id":"4e7b7e32-e501-493f-ba36-48d0aac46fc6","id":"1732797"}}